chart_date,rank,title,artist,last_week,peak_pos,weeks_on_chart
2026-08-15,1,Choosin' Texas,Ella Langley,1,1,42
2026-08-15,2,Hate That I Made You Love Me,Ariana Grande,8,1,10
2026-08-15,3,Been By Now,Morgan Wallen,2,2,2
2026-08-15,4,Petal,Ariana Grande,NEW,4,1
2026-08-15,5,"I Knew It, I Knew You",Taylor Swift,3,1,9
2026-08-15,6,Boston,Stella Lefty,5,3,18
2026-08-15,7,I Can't Love You Anymore,Ella Langley & Morgan Wallen,4,4,15
2026-08-15,8,Dracula,Tame Impala & JENNIE,6,5,45
2026-08-15,9,So Easy (To Fall In Love),Olivia Dean,7,5,45
2026-08-15,10,Be Her,Ella Langley,9,2,25
2026-08-15,11,Man I Need,Olivia Dean,10,2,50
2026-08-15,12,Risk It All,Bruno Mars,11,4,23
2026-08-15,13,I Just Might,Bruno Mars,12,1,30
2026-08-15,14,Drop Dead,Olivia Rodrigo,13,1,16
2026-08-15,15,Janice STFU,Drake,14,1,12
2026-08-15,16,Stupid Song,Olivia Rodrigo,15,3,8
2026-08-15,17,Midnight Sun,Zara Larsson,16,14,29
2026-08-15,18,Be By You,Luke Combs,19,12,25
2026-08-15,19,Don't We,Morgan Wallen,17,16,26
2026-08-15,20,Dead Fresh,Lil Baby,18,18,3
2026-08-15,21,Kiss Me,Ariana Grande,NEW,21,1
2026-08-15,22,Stay,Ariana Grande,NEW,22,1
2026-08-15,23,Oh Well,Ariana Grande,NEW,23,1
2026-08-15,24,Like I Do,Ariana Grande,NEW,24,1
2026-08-15,25,AH HA,Cardi B,NEW,25,1
2026-08-15,26,Spend Dat,Yung Miami,21,17,11
2026-08-15,27,Big Feelings,Ariana Grande,NEW,27,1
2026-08-15,28,Earrings,Malcolm Todd,22,20,23
2026-08-15,29,Babydoll,Dominic Fike,25,16,26
2026-08-15,30,Stateside,PinkPantheress With Zara Larsson,23,6,31
2026-08-15,31,Dai Dai (FIFA World Cup Official Song 2026),Shakira X Burna Boy,20,17,8
2026-08-15,32,Freak,Ariana Grande,NEW,32,1
2026-08-15,33,Never Get Over Me,Ariana Grande,NEW,33,1
2026-08-15,34,The Cure,Olivia Rodrigo,26,5,11
2026-08-15,35,Animal,KATSEYE,24,24,2
2026-08-15,36,Bad Thing (Bunny Hop),Ariana Grande,NEW,36,1
2026-08-15,37,Shabang,Drake,27,4,12
2026-08-15,38,Warning Signs (Interlude),Ariana Grande,NEW,38,1
2026-08-15,39,"Nowhere, Nobody",Ariana Grande,NEW,39,1
2026-08-15,40,Homewrecker,sombr,28,15,26
2026-08-15,41,What You Need,Tems,29,29,20
2026-08-15,42,Loving Life Again,Ella Langley,31,21,20
2026-08-15,43,Cinderella,Mac Miller Featuring Ty Dolla $ign,30,25,13
2026-08-15,44,Morning Dew (Donk),Beyonce,50,26,5
2026-08-15,45,Orbiter,Noah Kahan,34,34,15
2026-08-15,46,Loser,Tame Impala,NEW,46,2
2026-08-15,47,Self Aware,Temper City,37,37,17
2026-08-15,48,Hit The Wall,Gracie Abrams,41,26,12
2026-08-15,49,Cowgirl,Shaboozey,74,49,5
2026-08-15,50,E85,Don Toliver,38,15,27
2026-08-15,51,Freakin' Out,Dexter And The Moonrocks,35,33,20
2026-08-15,52,Don't Tell On Me,Jason Aldean,39,34,17
2026-08-15,53,Mexico Honey,Kacey Musgraves,40,40,10
2026-08-15,54,Oh Yeah?,Steve Lacy,NEW,54,1
2026-08-15,55,Ghetto Love Story,BabyChiefDoit,44,44,5
2026-08-15,56,Mr. Know It All,Teddy Swims,63,56,16
2026-08-15,57,Bloodstream,Alyssa Grace,45,45,5
2026-08-15,58,"Phone, Keys, Wallet",Lainey Wilson & John Mayer,59,58,9
2026-08-15,59,Doors,Noah Kahan,43,9,15
2026-08-15,60,Raindance,Dave & Tems,51,49,27
2026-08-15,61,Something To Lose,Stella Lefty Featuring Vincent Mason,46,40,10
2026-08-15,62,Hustle,Rod Wave,NEW,62,1
2026-08-15,63,Rethink Some Things,Luke Combs,54,46,19
2026-08-15,64,Iloveitiloveitiloveit,Bella Kay,48,17,25
2026-08-15,65,Chevy Silverado,Bailey Zimmerman,57,57,7
2026-08-15,66,Great Expectation,Sienna Spiro,56,56,5
2026-08-15,67,House Tour,Sabrina Carpenter,61,27,14
2026-08-15,68,Woman,Kane Brown,55,55,17
2026-08-15,69,Hate How You Look,Josh Ross,58,52,18
2026-08-15,70,Rein Me In,Sam Fender & Olivia Dean,68,64,20
2026-08-15,71,Willing And Able,Noah Kahan,62,26,15
2026-08-15,72,Honeybee,Olivia Rodrigo,49,9,8
2026-08-15,73,Noble,F3miii,53,53,13
2026-08-15,74,Speed Demon,Justin Bieber,67,66,9
2026-08-15,75,My Body Isn't Ready,sombr,72,30,6
2026-08-15,76,Carry On,Kenny Chesney,69,69,7
2026-08-15,77,misery.,pupsies,60,50,5
2026-08-15,78,2 Hard 4 The Radio,Drake,52,9,12
2026-08-15,79,Rubberz,Fenix Flexin,66,58,9
2026-08-15,80,Ran To Atlanta,Drake Featuring Future & Molly Santana,65,2,12
2026-08-15,81,McArthur,"HARDY, Eric Church, Morgan Wallen & Tim McGraw",70,31,27
2026-08-15,82,Nightmares To Dreams,Meek Mill,NEW,82,1
2026-08-15,83,Expectations,Olivia Rodrigo,71,20,8
2026-08-15,84,Think As You Drunk,Riley Green,78,78,6
2026-08-15,85,Ain't In LA,ADELA,NEW,85,1
2026-08-15,86,Matadora,Karol G,91,86,2
2026-08-15,87,Maggots For Brains,Olivia Rodrigo,73,12,8
2026-08-15,88,Iconic By Mistake,"Le Sserafim, ILLIT & KATSEYE",76,38,8
2026-08-15,89,Poured,Lil Uzi Vert,NEW,89,1
2026-08-15,90,Bottom Of Your Boots,Ella Langley,77,20,16
2026-08-15,91,Swim,BTS,82,1,20
2026-08-15,92,Sue Me,Audrey Hobert,98,92,2
2026-08-15,93,The Feeling,Steve Lacy,NEW,75,3
2026-08-15,94,Empty Words,Corey Kent,85,85,8
2026-08-15,95,Another Drink,Marshmello & Kelsea Ballerini,NEW,95,1
2026-08-15,96,In My Room,Julia Wolf,92,57,14
2026-08-15,97,South Of Sanity,Zach Top,86,86,4
2026-08-15,98,Brand New Chanel$,Slayyyter,NEW,98,1
2026-08-15,99,National Treasures,Drake,81,6,12
2026-08-15,100,What's Wrong With Me,Olivia Rodrigo & Robert Smith,83,17,8
2026-08-08,1,Choosin' Texas,Ella Langley,1,1,41
2026-08-08,2,Been By Now,Morgan Wallen,NEW,2,1
2026-08-08,3,"I Knew It, I Knew You",Taylor Swift,2,1,8
2026-08-08,4,I Can't Love You Anymore,Ella Langley & Morgan Wallen,4,4,14
2026-08-08,5,Boston,Stella Lefty,3,3,17
2026-08-08,6,Dracula,Tame Impala & JENNIE,6,5,44
2026-08-08,7,So Easy (To Fall In Love),Olivia Dean,7,5,44
2026-08-08,8,Hate That I Made You Love Me,Ariana Grande,5,1,9
2026-08-08,9,Be Her,Ella Langley,8,2,24
2026-08-08,10,Man I Need,Olivia Dean,9,2,49
2026-08-08,11,Risk It All,Bruno Mars,11,4,22
2026-08-08,12,I Just Might,Bruno Mars,10,1,29
2026-08-08,13,Drop Dead,Olivia Rodrigo,12,1,15
2026-08-08,14,Janice STFU,Drake,13,1,11
2026-08-08,15,Stupid Song,Olivia Rodrigo,15,3,7
2026-08-08,16,Midnight Sun,Zara Larsson,14,14,28
2026-08-08,17,Don't We,Morgan Wallen,16,16,25
2026-08-08,18,Dead Fresh,Lil Baby,18,18,2
2026-08-08,19,Be By You,Luke Combs,19,12,24
2026-08-08,20,Dai Dai (FIFA World Cup Official Song 2026),Shakira X Burna Boy,17,17,7
2026-08-08,21,Spend Dat,Yung Miami,20,17,10
2026-08-08,22,Earrings,Malcolm Todd,22,20,22
2026-08-08,23,Stateside,PinkPantheress With Zara Larsson,21,6,30
2026-08-08,24,Animal,KATSEYE,NEW,24,1
2026-08-08,25,Babydoll,Dominic Fike,24,16,25
2026-08-08,26,The Cure,Olivia Rodrigo,23,5,10
2026-08-08,27,Shabang,Drake,27,4,11
2026-08-08,28,Homewrecker,sombr,28,15,25
2026-08-08,29,What You Need,Tems,32,29,19
2026-08-08,30,Cinderella,Mac Miller Featuring Ty Dolla $ign,30,25,12
2026-08-08,31,Loving Life Again,Ella Langley,36,21,19
2026-08-08,32,Wonderwall,Oasis,29,8,23
2026-08-08,33,American Girls,Harry Styles,31,4,21
2026-08-08,34,Orbiter,Noah Kahan,37,34,14
2026-08-08,35,Freakin' Out,Dexter And The Moonrocks,38,33,19
2026-08-08,36,Fever Dream,Alex Warren,34,21,22
2026-08-08,37,Self Aware,Temper City,41,37,16
2026-08-08,38,E85,Don Toliver,39,15,26
2026-08-08,39,Don't Tell On Me,Jason Aldean,35,34,16
2026-08-08,40,Mexico Honey,Kacey Musgraves,48,40,9
2026-08-08,41,Hit The Wall,Gracie Abrams,26,26,11
2026-08-08,42,Pop Dat Thang,DaBaby,43,26,26
2026-08-08,43,Doors,Noah Kahan,46,9,14
2026-08-08,44,Ghetto Love Story,BabyChiefDoit,49,44,4
2026-08-08,45,Bloodstream,Alyssa Grace,67,45,4
2026-08-08,46,Something To Lose,Stella Lefty Featuring Vincent Mason,40,40,9
2026-08-08,47,Chicago,Michael Jackson,44,26,10
2026-08-08,48,Iloveitiloveitiloveit,Bella Kay,47,17,24
2026-08-08,49,Honeybee,Olivia Rodrigo,45,9,7
2026-08-08,50,Morning Dew (Donk),Beyonce,42,26,4
2026-08-08,51,Raindance,Dave & Tems,53,49,26
2026-08-08,52,2 Hard 4 The Radio,Drake,52,9,11
2026-08-08,53,Noble,F3miii,54,53,12
2026-08-08,54,Rethink Some Things,Luke Combs,63,46,18
2026-08-08,55,Woman,Kane Brown,62,55,16
2026-08-08,56,Great Expectation,Sienna Spiro,56,56,4
2026-08-08,57,Chevy Silverado,Bailey Zimmerman,60,57,6
2026-08-08,58,Hate How You Look,Josh Ross,64,52,17
2026-08-08,59,"Phone, Keys, Wallet",Lainey Wilson & John Mayer,68,59,8
2026-08-08,60,misery.,pupsies,50,50,4
2026-08-08,61,House Tour,Sabrina Carpenter,72,27,13
2026-08-08,62,Willing And Able,Noah Kahan,61,26,14
2026-08-08,63,Mr. Know It All,Teddy Swims,70,63,15
2026-08-08,64,Motion Party,BossMan Dlow,57,37,20
2026-08-08,65,Ran To Atlanta,Drake Featuring Future & Molly Santana,65,2,11
2026-08-08,66,Rubberz,Fenix Flexin,58,58,8
2026-08-08,67,Speed Demon,Justin Bieber,75,66,8
2026-08-08,68,Rein Me In,Sam Fender & Olivia Dean,69,64,19
2026-08-08,69,Carry On,Kenny Chesney,84,69,6
2026-08-08,70,McArthur,"HARDY, Eric Church, Morgan Wallen & Tim McGraw",73,31,26
2026-08-08,71,Expectations,Olivia Rodrigo,71,20,7
2026-08-08,72,My Body Isn't Ready,sombr,59,30,5
2026-08-08,73,Maggots For Brains,Olivia Rodrigo,66,12,7
2026-08-08,74,Cowgirl,Shaboozey,76,74,4
2026-08-08,75,Camera,Charli xcx,NEW,75,1
2026-08-08,76,Iconic By Mistake,"Le Sserafim, ILLIT & KATSEYE",74,38,7
2026-08-08,77,Bottom Of Your Boots,Ella Langley,90,20,15
2026-08-08,78,Think As You Drunk,Riley Green,81,78,5
2026-08-08,79,I Want You,Cody Johnson,86,79,5
2026-08-08,80,Whisper My Name,Drake,78,3,11
2026-08-08,81,National Treasures,Drake,82,6,11
2026-08-08,82,Swim,BTS,85,1,19
2026-08-08,83,What's Wrong With Me,Olivia Rodrigo & Robert Smith,83,17,7
2026-08-08,84,Less,Olivia Rodrigo,79,21,7
2026-08-08,85,Empty Words,Corey Kent,97,85,7
2026-08-08,86,South Of Sanity,Zach Top,94,86,3
2026-08-08,87,I See Why,Moneybagg Yo,NEW,87,1
2026-08-08,88,Freaked Out,Fat Papi,89,88,2
2026-08-08,89,Normal,BTS,33,33,5
2026-08-08,90,My Way,Olivia Rodrigo,88,15,7
2026-08-08,91,Matadora,Karol G,NEW,91,1
2026-08-08,92,In My Room,Julia Wolf,96,57,13
2026-08-08,93,I'm Spent,Drake Featuring Loe Shimmy,NEW,34,8
2026-08-08,94,California Girls,Future,92,23,3
2026-08-08,95,No Need For Leavin',Kameron Marlowe,98,95,3
2026-08-08,96,u + me = <3,Olivia Rodrigo,93,19,7
2026-08-08,97,Begged,Olivia Rodrigo,91,16,7
2026-08-08,98,Sue Me,Audrey Hobert,NEW,98,1
2026-08-08,99,Sunburn,Tucker Wetmore,NEW,86,5
2026-08-08,100,Hands Up,Jelly Roll,NEW,100,1
2026-08-01,1,Choosin' Texas,Ella Langley,1,1,40
2026-08-01,2,"I Knew It, I Knew You",Taylor Swift,2,1,7
2026-08-01,3,Boston,Stella Lefty,6,3,16
2026-08-01,4,I Can't Love You Anymore,Ella Langley & Morgan Wallen,7,4,13
2026-08-01,5,Hate That I Made You Love Me,Ariana Grande,4,1,8
2026-08-01,6,Dracula,Tame Impala & JENNIE,5,5,43
2026-08-01,7,So Easy (To Fall In Love),Olivia Dean,9,5,43
2026-08-01,8,Be Her,Ella Langley,3,2,23
2026-08-01,9,Man I Need,Olivia Dean,8,2,48
2026-08-01,10,I Just Might,Bruno Mars,10,1,28
2026-08-01,11,Risk It All,Bruno Mars,13,4,21
2026-08-01,12,Drop Dead,Olivia Rodrigo,12,1,14
2026-08-01,13,Janice STFU,Drake,11,1,10
2026-08-01,14,Midnight Sun,Zara Larsson,15,14,27
2026-08-01,15,Stupid Song,Olivia Rodrigo,14,3,6
2026-08-01,16,Don't We,Morgan Wallen,16,16,24
2026-08-01,17,Dai Dai (FIFA World Cup Official Song 2026),Shakira X Burna Boy,42,17,6
2026-08-01,18,Dead Fresh,Lil Baby,NEW,18,1
2026-08-01,19,Be By You,Luke Combs,18,12,23
2026-08-01,20,Spend Dat,Yung Miami,19,17,9
2026-08-01,21,Stateside,PinkPantheress With Zara Larsson,17,6,29
2026-08-01,22,Earrings,Malcolm Todd,20,20,21
2026-08-01,23,The Cure,Olivia Rodrigo,21,5,9
2026-08-01,24,Babydoll,Dominic Fike,24,16,24
2026-08-01,25,Die On This Hill,Sienna Spiro,26,19,31
2026-08-01,26,Hit The Wall,Gracie Abrams,57,26,10
2026-08-01,27,Shabang,Drake,25,4,10
2026-08-01,28,Homewrecker,sombr,22,15,24
2026-08-01,29,Wonderwall,Oasis,27,8,22
2026-08-01,30,Cinderella,Mac Miller Featuring Ty Dolla $ign,30,25,11
2026-08-01,31,American Girls,Harry Styles,32,4,20
2026-08-01,32,What You Need,Tems,36,32,18
2026-08-01,33,Normal,BTS,NEW,33,4
2026-08-01,34,Fever Dream,Alex Warren,35,21,21
2026-08-01,35,Don't Tell On Me,Jason Aldean,34,34,15
2026-08-01,36,Loving Life Again,Ella Langley,44,21,18
2026-08-01,37,Orbiter,Noah Kahan,41,37,13
2026-08-01,38,Freakin' Out,Dexter And The Moonrocks,43,33,18
2026-08-01,39,E85,Don Toliver,40,15,25
2026-08-01,40,Something To Lose,Stella Lefty Featuring Vincent Mason,45,40,8
2026-08-01,41,Self Aware,Temper City,47,41,15
2026-08-01,42,Morning Dew (Donk),Beyonce,31,26,3
2026-08-01,43,Pop Dat Thang,DaBaby,50,26,25
2026-08-01,44,Chicago,Michael Jackson,49,26,9
2026-08-01,45,Honeybee,Olivia Rodrigo,39,9,6
2026-08-01,46,Doors,Noah Kahan,51,9,13
2026-08-01,47,Iloveitiloveitiloveit,Bella Kay,53,17,23
2026-08-01,48,Mexico Honey,Kacey Musgraves,59,48,8
2026-08-01,49,Ghetto Love Story,BabyChiefDoit,66,49,3
2026-08-01,50,misery.,pupsies,62,50,3
2026-08-01,51,Good Reason,Gracie Abrams,NEW,51,1
2026-08-01,52,2 Hard 4 The Radio,Drake,55,9,10
2026-08-01,53,Raindance,Dave & Tems,72,49,25
2026-08-01,54,Noble,F3miii,56,54,11
2026-08-01,55,Look At My Life,Gracie Abrams,92,54,4
2026-08-01,56,Great Expectation,Sienna Spiro,69,56,3
2026-08-01,57,Motion Party,BossMan Dlow,68,37,19
2026-08-01,58,Rubberz,Fenix Flexin,63,58,7
2026-08-01,59,My Body Isn't Ready,sombr,67,30,4
2026-08-01,60,Chevy Silverado,Bailey Zimmerman,87,60,5
2026-08-01,61,Willing And Able,Noah Kahan,73,26,13
2026-08-01,62,Woman,Kane Brown,75,62,15
2026-08-01,63,Rethink Some Things,Luke Combs,79,46,17
2026-08-01,64,Hate How You Look,Josh Ross,70,52,16
2026-08-01,65,Ran To Atlanta,Drake Featuring Future & Molly Santana,61,2,10
2026-08-01,66,Maggots For Brains,Olivia Rodrigo,60,12,6
2026-08-01,67,Bloodstream,Alyssa Grace,86,67,3
2026-08-01,68,"Phone, Keys, Wallet",Lainey Wilson & John Mayer,74,68,7
2026-08-01,69,Rein Me In,Sam Fender & Olivia Dean,80,64,18
2026-08-01,70,Mr. Know It All,Teddy Swims,89,70,14
2026-08-01,71,Expectations,Olivia Rodrigo,65,20,6
2026-08-01,72,House Tour,Sabrina Carpenter,84,27,12
2026-08-01,73,McArthur,"HARDY, Eric Church, Morgan Wallen & Tim McGraw",81,31,25
2026-08-01,74,Iconic By Mistake,"Le Sserafim, ILLIT & KATSEYE",71,38,6
2026-08-01,75,Speed Demon,Justin Bieber,95,66,7
2026-08-01,76,Cowgirl,Shaboozey,NEW,76,3
2026-08-01,77,The Feeling,Steve Lacy,NEW,75,2
2026-08-01,78,Whisper My Name,Drake,82,3,10
2026-08-01,79,Less,Olivia Rodrigo,77,21,6
2026-08-01,80,Is It Cool?,Steve Lacy Featuring SZA,NEW,80,2
2026-08-01,81,Think As You Drunk,Riley Green,94,81,4
2026-08-01,82,National Treasures,Drake,88,6,10
2026-08-01,83,What's Wrong With Me,Olivia Rodrigo & Robert Smith,78,17,6
2026-08-01,84,Carry On,Kenny Chesney,99,84,5
2026-08-01,85,Swim,BTS,100,1,18
2026-08-01,86,I Want You,Cody Johnson,NEW,80,4
2026-08-01,87,Damned If I Do,Vincent Mason,96,77,11
2026-08-01,88,My Way,Olivia Rodrigo,85,15,6
2026-08-01,89,Freaked Out,Fat Papi,NEW,89,1
2026-08-01,90,Bottom Of Your Boots,Ella Langley,NEW,20,14
2026-08-01,91,Begged,Olivia Rodrigo,90,16,6
2026-08-01,92,California Girls,Future,23,23,2
2026-08-01,93,u + me = <3,Olivia Rodrigo,91,19,6
2026-08-01,94,South Of Sanity,Zach Top,NEW,94,2
2026-08-01,95,Konnichiwa,Future,29,29,2
2026-08-01,96,In My Room,Julia Wolf,NEW,57,12
2026-08-01,97,Empty Words,Corey Kent,NEW,93,6
2026-08-01,98,No Need For Leavin',Kameron Marlowe,NEW,98,2
2026-08-01,99,Minibar,Gracie Abrams,NEW,99,1
2026-08-01,100,Kingdom Of Fear,Cameron Whitcomb,NEW,94,5
2026-07-25,1,Choosin' Texas,Ella Langley,1,1,39
2026-07-25,2,"I Knew It, I Knew You",Taylor Swift,2,1,6
2026-07-25,3,Be Her,Ella Langley,3,2,22
2026-07-25,4,Hate That I Made You Love Me,Ariana Grande,6,1,7
2026-07-25,5,Dracula,Tame Impala & JENNIE,5,5,42
2026-07-25,6,Boston,Stella Lefty,12,6,15
2026-07-25,7,I Can't Love You Anymore,Ella Langley & Morgan Wallen,4,4,12
2026-07-25,8,Man I Need,Olivia Dean,10,2,47
2026-07-25,9,So Easy (To Fall In Love),Olivia Dean,9,5,42
2026-07-25,10,I Just Might,Bruno Mars,7,1,27
2026-07-25,11,Janice STFU,Drake,8,1,9
2026-07-25,12,Drop Dead,Olivia Rodrigo,13,1,13
2026-07-25,13,Risk It All,Bruno Mars,15,4,20
2026-07-25,14,Stupid Song,Olivia Rodrigo,14,3,5
2026-07-25,15,Midnight Sun,Zara Larsson,16,15,26
2026-07-25,16,Don't We,Morgan Wallen,19,16,23
2026-07-25,17,Stateside,PinkPantheress With Zara Larsson,18,6,28
2026-07-25,18,Be By You,Luke Combs,20,12,22
2026-07-25,19,Spend Dat,Yung Miami,17,17,8
2026-07-25,20,Earrings,Malcolm Todd,22,20,20
2026-07-25,21,The Cure,Olivia Rodrigo,23,5,8
2026-07-25,22,Homewrecker,sombr,21,15,23
2026-07-25,23,California Girls,Future,NEW,23,1
2026-07-25,24,Babydoll,Dominic Fike,27,16,23
2026-07-25,25,Shabang,Drake,24,4,9
2026-07-25,26,Die On This Hill,Sienna Spiro,28,19,30
2026-07-25,27,Wonderwall,Oasis,NEW,8,21
2026-07-25,28,Fukk A Interview,Future,NEW,28,1
2026-07-25,29,Konnichiwa,Future,NEW,29,1
2026-07-25,30,Cinderella,Mac Miller Featuring Ty Dolla $ign,29,25,10
2026-07-25,31,Morning Dew (Donk),Beyonce,26,26,2
2026-07-25,32,American Girls,Harry Styles,33,4,19
2026-07-25,33,One Two,Future,NEW,33,1
2026-07-25,34,Don't Tell On Me,Jason Aldean,38,34,14
2026-07-25,35,Fever Dream,Alex Warren,40,21,20
2026-07-25,36,What You Need,Tems,39,36,17
2026-07-25,37,Tank Top Pluto,Future,NEW,37,1
2026-07-25,38,Snow In Skyami,Future,NEW,38,1
2026-07-25,39,Honeybee,Olivia Rodrigo,34,9,5
2026-07-25,40,E85,Don Toliver,37,15,24
2026-07-25,41,Orbiter,Noah Kahan,52,41,12
2026-07-25,42,Dai Dai (FIFA World Cup Official Song 2026),Shakira X Burna Boy,55,42,5
2026-07-25,43,Freakin' Out,Dexter And The Moonrocks,47,33,17
2026-07-25,44,Loving Life Again,Ella Langley,50,21,17
2026-07-25,45,Something To Lose,Stella Lefty Featuring Vincent Mason,66,45,7
2026-07-25,46,Radio,Future,NEW,46,2
2026-07-25,47,Self Aware,Temper City,51,47,14
2026-07-25,48,Weight Up,Future,NEW,48,1
2026-07-25,49,Chicago,Michael Jackson,42,26,8
2026-07-25,50,Pop Dat Thang,DaBaby,45,26,24
2026-07-25,51,Doors,Noah Kahan,63,9,12
2026-07-25,52,Trench Coat,Future,NEW,52,1
2026-07-25,53,Iloveitiloveitiloveit,Bella Kay,65,17,22
2026-07-25,54,No Misery,Future,NEW,54,1
2026-07-25,55,2 Hard 4 The Radio,Drake,56,9,9
2026-07-25,56,Noble,F3miii,54,54,10
2026-07-25,57,Hit The Wall,Gracie Abrams,43,34,9
2026-07-25,58,Build A Bitch,Future,NEW,58,1
2026-07-25,59,Mexico Honey,Kacey Musgraves,61,59,7
2026-07-25,60,Maggots For Brains,Olivia Rodrigo,48,12,5
2026-07-25,61,Ran To Atlanta,Drake Featuring Future & Molly Santana,53,2,9
2026-07-25,62,misery.,pupsies,80,62,2
2026-07-25,63,Rubberz,Fenix Flexin,62,62,6
2026-07-25,64,Money Over Everything,Future,NEW,64,1
2026-07-25,65,Expectations,Olivia Rodrigo,57,20,5
2026-07-25,66,Ghetto Love Story,BabyChiefDoit,71,66,2
2026-07-25,67,My Body Isn't Ready,sombr,59,30,3
2026-07-25,68,Motion Party,BossMan Dlow,58,37,18
2026-07-25,69,Great Expectation,Sienna Spiro,91,69,2
2026-07-25,70,Hate How You Look,Josh Ross,67,52,15
2026-07-25,71,Iconic By Mistake,"Le Sserafim, ILLIT & KATSEYE",60,38,5
2026-07-25,72,Raindance,Dave & Tems,75,49,24
2026-07-25,73,Willing And Able,Noah Kahan,81,26,12
2026-07-25,74,"Phone, Keys, Wallet",Lainey Wilson & John Mayer,98,74,6
2026-07-25,75,Woman,Kane Brown,77,73,14
2026-07-25,76,Off The Hinge,Future,NEW,76,1
2026-07-25,77,Less,Olivia Rodrigo,72,21,5
2026-07-25,78,What's Wrong With Me,Olivia Rodrigo & Robert Smith,64,17,5
2026-07-25,79,Rethink Some Things,Luke Combs,87,46,16
2026-07-25,80,Rein Me In,Sam Fender & Olivia Dean,90,64,17
2026-07-25,81,McArthur,"HARDY, Eric Church, Morgan Wallen & Tim McGraw",76,31,24
2026-07-25,82,Whisper My Name,Drake,68,3,9
2026-07-25,83,2018,Future,NEW,83,1
2026-07-25,84,House Tour,Sabrina Carpenter,82,27,11
2026-07-25,85,My Way,Olivia Rodrigo,69,15,5
2026-07-25,86,Bloodstream,Alyssa Grace,NEW,86,2
2026-07-25,87,Chevy Silverado,Bailey Zimmerman,93,87,4
2026-07-25,88,National Treasures,Drake,70,6,9
2026-07-25,89,Mr. Know It All,Teddy Swims,92,76,13
2026-07-25,90,Begged,Olivia Rodrigo,74,16,5
2026-07-25,91,u + me = <3,Olivia Rodrigo,73,19,5
2026-07-25,92,Look At My Life,Gracie Abrams,85,54,3
2026-07-25,93,If I Could,Future,NEW,93,1
2026-07-25,94,Think As You Drunk,Riley Green,NEW,91,3
2026-07-25,95,Speed Demon,Justin Bieber,86,66,6
2026-07-25,96,Damned If I Do,Vincent Mason,83,77,10
2026-07-25,97,Kick,Future,NEW,97,1
2026-07-25,98,Eye To Eye,Future,NEW,98,1
2026-07-25,99,Carry On,Kenny Chesney,97,95,4
2026-07-25,100,Swim,BTS,84,1,17
2026-07-18,1,Choosin' Texas,Ella Langley,1,1,38
2026-07-18,2,"I Knew It, I Knew You",Taylor Swift,2,1,5
2026-07-18,3,Be Her,Ella Langley,3,2,21
2026-07-18,4,I Can't Love You Anymore,Ella Langley & Morgan Wallen,6,4,11
2026-07-18,5,Dracula,Tame Impala & JENNIE,8,5,41
2026-07-18,6,Hate That I Made You Love Me,Ariana Grande,7,1,6
2026-07-18,7,I Just Might,Bruno Mars,10,1,26
2026-07-18,8,Janice STFU,Drake,4,1,8
2026-07-18,9,So Easy (To Fall In Love),Olivia Dean,12,5,41
2026-07-18,10,Man I Need,Olivia Dean,5,2,46
2026-07-18,11,"Courtesy Of The Red, White And Blue (The Angry American)",Toby Keith,NEW,11,22
2026-07-18,12,Boston,Stella Lefty,13,12,14
2026-07-18,13,Drop Dead,Olivia Rodrigo,9,1,12
2026-07-18,14,Stupid Song,Olivia Rodrigo,11,3,4
2026-07-18,15,Risk It All,Bruno Mars,14,4,19
2026-07-18,16,Midnight Sun,Zara Larsson,17,16,25
2026-07-18,17,Spend Dat,Yung Miami,19,17,7
2026-07-18,18,Stateside,PinkPantheress With Zara Larsson,16,6,27
2026-07-18,19,Don't We,Morgan Wallen,21,19,22
2026-07-18,20,Be By You,Luke Combs,20,12,21
2026-07-18,21,Homewrecker,sombr,15,15,22
2026-07-18,22,Earrings,Malcolm Todd,22,22,19
2026-07-18,23,The Cure,Olivia Rodrigo,18,5,7
2026-07-18,24,Shabang,Drake,23,4,8
2026-07-18,25,Party In The U.S.A.,Miley Cyrus,NEW,2,30
2026-07-18,26,Morning Dew (Donk),Beyonce,NEW,26,1
2026-07-18,27,Babydoll,Dominic Fike,26,16,22
2026-07-18,28,Die On This Hill,Sienna Spiro,33,19,29
2026-07-18,29,Cinderella,Mac Miller Featuring Ty Dolla $ign,25,25,9
2026-07-18,30,Sleepless In A Hotel Room,Luke Combs,27,11,26
2026-07-18,31,Sweet Home Alabama,Lynyrd Skynyrd,NEW,8,18
2026-07-18,32,Chicken Fried,Zac Brown Band,NEW,20,26
2026-07-18,33,American Girls,Harry Styles,29,4,18
2026-07-18,34,Honeybee,Olivia Rodrigo,24,9,4
2026-07-18,35,Don't Stop Believin',Journey,NEW,9,17
2026-07-18,36,Born In The U.S.A.,Bruce Springsteen,NEW,9,18
2026-07-18,37,E85,Don Toliver,28,15,23
2026-07-18,38,Don't Tell On Me,Jason Aldean,36,36,13
2026-07-18,39,What You Need,Tems,44,39,16
2026-07-18,40,Fever Dream,Alex Warren,53,21,19
2026-07-18,41,"Take Me Home, Country Roads",John Denver With Fat City,NEW,2,24
2026-07-18,42,Chicago,Michael Jackson,32,26,7
2026-07-18,43,Hit The Wall,Gracie Abrams,34,34,8
2026-07-18,44,Fortunate Son,Creedence Clearwater Revival,NEW,14,5
2026-07-18,45,Pop Dat Thang,DaBaby,39,26,23
2026-07-18,46,American Kids,Kenny Chesney,NEW,23,21
2026-07-18,47,Freakin' Out,Dexter And The Moonrocks,37,33,16
2026-07-18,48,Maggots For Brains,Olivia Rodrigo,31,12,4
2026-07-18,49,Change My Mind,Riley Green,41,24,23
2026-07-18,50,Loving Life Again,Ella Langley,43,21,16
2026-07-18,51,Self Aware,Temper City,57,51,13
2026-07-18,52,Orbiter,Noah Kahan,52,52,11
2026-07-18,53,Ran To Atlanta,Drake Featuring Future & Molly Santana,38,2,8
2026-07-18,54,Noble,F3miii,61,54,9
2026-07-18,55,Dai Dai (FIFA World Cup Official Song 2026),Shakira X Burna Boy,67,55,4
2026-07-18,56,2 Hard 4 The Radio,Drake,50,9,8
2026-07-18,57,Expectations,Olivia Rodrigo,35,20,4
2026-07-18,58,Motion Party,BossMan Dlow,58,37,17
2026-07-18,59,My Body Isn't Ready,sombr,30,30,2
2026-07-18,60,Iconic By Mistake,"Le Sserafim, ILLIT & KATSEYE",49,38,4
2026-07-18,61,Mexico Honey,Kacey Musgraves,59,59,6
2026-07-18,62,Rubberz,Fenix Flexin,71,62,5
2026-07-18,63,Doors,Noah Kahan,65,9,11
2026-07-18,64,What's Wrong With Me,Olivia Rodrigo & Robert Smith,40,17,4
2026-07-18,65,Iloveitiloveitiloveit,Bella Kay,63,17,21
2026-07-18,66,Something To Lose,Stella Lefty Featuring Vincent Mason,72,66,6
2026-07-18,67,Hate How You Look,Josh Ross,62,52,14
2026-07-18,68,Whisper My Name,Drake,56,3,8
2026-07-18,69,My Way,Olivia Rodrigo,42,15,4
2026-07-18,70,National Treasures,Drake,64,6,8
2026-07-18,71,Ghetto Love Story,BabyChiefDoit,NEW,71,1
2026-07-18,72,Less,Olivia Rodrigo,55,21,4
2026-07-18,73,u + me = <3,Olivia Rodrigo,48,19,4
2026-07-18,74,Begged,Olivia Rodrigo,51,16,4
2026-07-18,75,Raindance,Dave & Tems,66,49,23
2026-07-18,76,McArthur,"HARDY, Eric Church, Morgan Wallen & Tim McGraw",70,31,23
2026-07-18,77,Woman,Kane Brown,75,73,13
2026-07-18,78,Rocky Mountain Low,Corey Kent & Koe Wetzel,90,78,11
2026-07-18,79,My Way,Riley Green,77,70,9
2026-07-18,80,misery.,pupsies,NEW,80,1
2026-07-18,81,Willing And Able,Noah Kahan,78,26,11
2026-07-18,82,House Tour,Sabrina Carpenter,82,27,10
2026-07-18,83,Damned If I Do,Vincent Mason,81,77,9
2026-07-18,84,Swim,BTS,76,1,16
2026-07-18,85,Look At My Life,Gracie Abrams,54,54,2
2026-07-18,86,Speed Demon,Justin Bieber,84,66,5
2026-07-18,87,Rethink Some Things,Luke Combs,85,46,15
2026-07-18,88,Bottom Of Your Boots,Ella Langley,74,20,13
2026-07-18,89,I Want You,Cody Johnson,80,80,3
2026-07-18,90,Rein Me In,Sam Fender & Olivia Dean,83,64,16
2026-07-18,91,Great Expectation,Sienna Spiro,NEW,91,1
2026-07-18,92,Mr. Know It All,Teddy Swims,93,76,12
2026-07-18,93,Chevy Silverado,Bailey Zimmerman,92,89,3
2026-07-18,94,Kingdom Of Fear,Cameron Whitcomb,97,94,4
2026-07-18,95,The Time Of My Life,Benson Boone,60,60,2
2026-07-18,96,White Keys,Dominic Fike,86,32,20
2026-07-18,97,Carry On,Kenny Chesney,95,95,3
2026-07-18,98,"Phone, Keys, Wallet",Lainey Wilson & John Mayer,88,80,5
2026-07-18,99,Cigarette Smoke,Olivia Rodrigo,73,27,4
2026-07-18,100,Turn This Truck Around,Jordan Davis,NEW,57,18
